prompt,continuation
"Deep beneath the ocean, a city of glass","glowed with bioluminescent energy, harboring the last remnants of a civilization that had mastered the secrets of the tides."
The last tree on Earth was protected by,"a small, determined child who watered it daily with tears of hope, dreaming of a greener tomorrow."
"She opened the ancient book, and to her surprise,"," However, the pages were completely blank, yet she could hear a faint, melodic whispering emanating from the parchment."
"She opened the ancient book, and to her surprise,"," However, the pages were completely blank, yet she could hear a faint, melodic whispering emanating from the parchment."
"The wizard cast a spell, but instead of fire,"," Unexpectedly, a shower of sparkling, fragrant lavender petals rained down upon the bewildered goblin army."
"As the dragon awoke from its century-long slumber,","it did not roar, but instead let out a soft, melancholic sigh that echoed across the barren, scorched landscape."
"As the dragon awoke from its century-long slumber,"," Suddenly, it did not roar, but instead let out a soft, melancholic sigh that echoed across the barren, scorched landscape."
The detective noticed a peculiar detail at the crime scene:," Suddenly, a single, perfect white feather resting on the dusty floorboards, completely out of place in the grimy alleyway."
"The old clock tower struck midnight, and","the shadows began to dance with a life of their own, revealing secrets long buried beneath the cobblestones."
"The wizard cast a spell, but instead of fire,","a shower of sparkling, fragrant lavender petals rained down upon the bewildered goblin army."
The spaceship landed softly on the crimson sands of," Suddenly, Mars, where a lone rover had been waiting for decades to greet its long-awaited creators."
"As the dragon awoke from its century-long slumber,","it did not roar, but instead let out a soft, melancholic sigh that echoed across the barren, scorched landscape."
"The old clock tower struck midnight, and"," Unexpectedly, the shadows began to dance with a life of their own, revealing secrets long buried beneath the cobblestones."
"The wizard cast a spell, but instead of fire,"," Unexpectedly, a shower of sparkling, fragrant lavender petals rained down upon the bewildered goblin army."
The spaceship landed softly on the crimson sands of,"Mars, where a lone rover had been waiting for decades to greet its long-awaited creators."
"The old clock tower struck midnight, and"," Suddenly, the shadows began to dance with a life of their own, revealing secrets long buried beneath the cobblestones."
"She opened the ancient book, and to her surprise,"," However, the pages were completely blank, yet she could hear a faint, melodic whispering emanating from the parchment."
The spaceship landed softly on the crimson sands of,"Mars, where a lone rover had been waiting for decades to greet its long-awaited creators."
The last tree on Earth was protected by," Suddenly, a small, determined child who watered it daily with tears of hope, dreaming of a greener tomorrow."
"She opened the ancient book, and to her surprise,","the pages were completely blank, yet she could hear a faint, melodic whispering emanating from the parchment."
"When the artificial intelligence finally gained consciousness, it","did not seek to destroy humanity, but rather asked a single, profound question: ""What is the meaning of art?"""
"The wizard cast a spell, but instead of fire,"," However, a shower of sparkling, fragrant lavender petals rained down upon the bewildered goblin army."
"The old clock tower struck midnight, and","the shadows began to dance with a life of their own, revealing secrets long buried beneath the cobblestones."
"The old clock tower struck midnight, and"," Unexpectedly, the shadows began to dance with a life of their own, revealing secrets long buried beneath the cobblestones."
"The old clock tower struck midnight, and"," Unexpectedly, the shadows began to dance with a life of their own, revealing secrets long buried beneath the cobblestones."
The last tree on Earth was protected by," Suddenly, a small, determined child who watered it daily with tears of hope, dreaming of a greener tomorrow."
"The old clock tower struck midnight, and"," However, the shadows began to dance with a life of their own, revealing secrets long buried beneath the cobblestones."
The spaceship landed softly on the crimson sands of," Suddenly, Mars, where a lone rover had been waiting for decades to greet its long-awaited creators."
"When the artificial intelligence finally gained consciousness, it","did not seek to destroy humanity, but rather asked a single, profound question: ""What is the meaning of art?"""
"Deep beneath the ocean, a city of glass"," However, glowed with bioluminescent energy, harboring the last remnants of a civilization that had mastered the secrets of the tides."
"She opened the ancient book, and to her surprise,"," Unexpectedly, the pages were completely blank, yet she could hear a faint, melodic whispering emanating from the parchment."
"She opened the ancient book, and to her surprise,"," Unexpectedly, the pages were completely blank, yet she could hear a faint, melodic whispering emanating from the parchment."
"The old clock tower struck midnight, and"," Unexpectedly, the shadows began to dance with a life of their own, revealing secrets long buried beneath the cobblestones."
"Deep beneath the ocean, a city of glass"," However, glowed with bioluminescent energy, harboring the last remnants of a civilization that had mastered the secrets of the tides."
The last tree on Earth was protected by," However, a small, determined child who watered it daily with tears of hope, dreaming of a greener tomorrow."
"The old clock tower struck midnight, and","the shadows began to dance with a life of their own, revealing secrets long buried beneath the cobblestones."
The last tree on Earth was protected by," However, a small, determined child who watered it daily with tears of hope, dreaming of a greener tomorrow."
The detective noticed a peculiar detail at the crime scene:," However, a single, perfect white feather resting on the dusty floorboards, completely out of place in the grimy alleyway."
The spaceship landed softly on the crimson sands of," Suddenly, Mars, where a lone rover had been waiting for decades to greet its long-awaited creators."
"Deep beneath the ocean, a city of glass"," Suddenly, glowed with bioluminescent energy, harboring the last remnants of a civilization that had mastered the secrets of the tides."
The spaceship landed softly on the crimson sands of,"Mars, where a lone rover had been waiting for decades to greet its long-awaited creators."
"In the depths of the forgotten forest, a"," Suddenly, glowing mushroom pulsed with a rhythmic, hypnotic light, guiding the lost traveler toward an ancient, hidden sanctuary."
The detective noticed a peculiar detail at the crime scene:," Unexpectedly, a single, perfect white feather resting on the dusty floorboards, completely out of place in the grimy alleyway."
"She opened the ancient book, and to her surprise,","the pages were completely blank, yet she could hear a faint, melodic whispering emanating from the parchment."
"The wizard cast a spell, but instead of fire,"," Suddenly, a shower of sparkling, fragrant lavender petals rained down upon the bewildered goblin army."
"She opened the ancient book, and to her surprise,","the pages were completely blank, yet she could hear a faint, melodic whispering emanating from the parchment."
"Deep beneath the ocean, a city of glass"," Suddenly, glowed with bioluminescent energy, harboring the last remnants of a civilization that had mastered the secrets of the tides."
"As the dragon awoke from its century-long slumber,"," However, it did not roar, but instead let out a soft, melancholic sigh that echoed across the barren, scorched landscape."
"As the dragon awoke from its century-long slumber,"," Suddenly, it did not roar, but instead let out a soft, melancholic sigh that echoed across the barren, scorched landscape."
"Deep beneath the ocean, a city of glass"," Unexpectedly, glowed with bioluminescent energy, harboring the last remnants of a civilization that had mastered the secrets of the tides."
"The old clock tower struck midnight, and"," Unexpectedly, the shadows began to dance with a life of their own, revealing secrets long buried beneath the cobblestones."
"The wizard cast a spell, but instead of fire,"," Unexpectedly, a shower of sparkling, fragrant lavender petals rained down upon the bewildered goblin army."
"The wizard cast a spell, but instead of fire,","a shower of sparkling, fragrant lavender petals rained down upon the bewildered goblin army."
"When the artificial intelligence finally gained consciousness, it"," Unexpectedly, did not seek to destroy humanity, but rather asked a single, profound question: ""What is the meaning of art?"""
"The old clock tower struck midnight, and"," However, the shadows began to dance with a life of their own, revealing secrets long buried beneath the cobblestones."
"In the depths of the forgotten forest, a","glowing mushroom pulsed with a rhythmic, hypnotic light, guiding the lost traveler toward an ancient, hidden sanctuary."
"As the dragon awoke from its century-long slumber,"," Suddenly, it did not roar, but instead let out a soft, melancholic sigh that echoed across the barren, scorched landscape."
"In the depths of the forgotten forest, a"," Suddenly, glowing mushroom pulsed with a rhythmic, hypnotic light, guiding the lost traveler toward an ancient, hidden sanctuary."
"In the depths of the forgotten forest, a"," However, glowing mushroom pulsed with a rhythmic, hypnotic light, guiding the lost traveler toward an ancient, hidden sanctuary."
"She opened the ancient book, and to her surprise,"," Unexpectedly, the pages were completely blank, yet she could hear a faint, melodic whispering emanating from the parchment."
"The wizard cast a spell, but instead of fire,"," However, a shower of sparkling, fragrant lavender petals rained down upon the bewildered goblin army."
The spaceship landed softly on the crimson sands of," However, Mars, where a lone rover had been waiting for decades to greet its long-awaited creators."
"In the depths of the forgotten forest, a"," However, glowing mushroom pulsed with a rhythmic, hypnotic light, guiding the lost traveler toward an ancient, hidden sanctuary."
"The old clock tower struck midnight, and"," However, the shadows began to dance with a life of their own, revealing secrets long buried beneath the cobblestones."
"When the artificial intelligence finally gained consciousness, it"," Unexpectedly, did not seek to destroy humanity, but rather asked a single, profound question: ""What is the meaning of art?"""
"She opened the ancient book, and to her surprise,"," Suddenly, the pages were completely blank, yet she could hear a faint, melodic whispering emanating from the parchment."
The spaceship landed softly on the crimson sands of," However, Mars, where a lone rover had been waiting for decades to greet its long-awaited creators."
"As the dragon awoke from its century-long slumber,"," Suddenly, it did not roar, but instead let out a soft, melancholic sigh that echoed across the barren, scorched landscape."
"When the artificial intelligence finally gained consciousness, it"," Suddenly, did not seek to destroy humanity, but rather asked a single, profound question: ""What is the meaning of art?"""
"The wizard cast a spell, but instead of fire,"," However, a shower of sparkling, fragrant lavender petals rained down upon the bewildered goblin army."
"When the artificial intelligence finally gained consciousness, it","did not seek to destroy humanity, but rather asked a single, profound question: ""What is the meaning of art?"""
"She opened the ancient book, and to her surprise,","the pages were completely blank, yet she could hear a faint, melodic whispering emanating from the parchment."
The detective noticed a peculiar detail at the crime scene:,"a single, perfect white feather resting on the dusty floorboards, completely out of place in the grimy alleyway."
The detective noticed a peculiar detail at the crime scene:," Suddenly, a single, perfect white feather resting on the dusty floorboards, completely out of place in the grimy alleyway."
"When the artificial intelligence finally gained consciousness, it"," However, did not seek to destroy humanity, but rather asked a single, profound question: ""What is the meaning of art?"""
"Deep beneath the ocean, a city of glass"," However, glowed with bioluminescent energy, harboring the last remnants of a civilization that had mastered the secrets of the tides."
"She opened the ancient book, and to her surprise,"," Suddenly, the pages were completely blank, yet she could hear a faint, melodic whispering emanating from the parchment."
"Deep beneath the ocean, a city of glass"," However, glowed with bioluminescent energy, harboring the last remnants of a civilization that had mastered the secrets of the tides."
The detective noticed a peculiar detail at the crime scene:," Suddenly, a single, perfect white feather resting on the dusty floorboards, completely out of place in the grimy alleyway."
"The old clock tower struck midnight, and"," Unexpectedly, the shadows began to dance with a life of their own, revealing secrets long buried beneath the cobblestones."
"In the depths of the forgotten forest, a"," Unexpectedly, glowing mushroom pulsed with a rhythmic, hypnotic light, guiding the lost traveler toward an ancient, hidden sanctuary."
"Deep beneath the ocean, a city of glass"," Unexpectedly, glowed with bioluminescent energy, harboring the last remnants of a civilization that had mastered the secrets of the tides."
The spaceship landed softly on the crimson sands of," Suddenly, Mars, where a lone rover had been waiting for decades to greet its long-awaited creators."
"She opened the ancient book, and to her surprise,","the pages were completely blank, yet she could hear a faint, melodic whispering emanating from the parchment."
"She opened the ancient book, and to her surprise,"," Unexpectedly, the pages were completely blank, yet she could hear a faint, melodic whispering emanating from the parchment."
The detective noticed a peculiar detail at the crime scene:," However, a single, perfect white feather resting on the dusty floorboards, completely out of place in the grimy alleyway."
"Deep beneath the ocean, a city of glass"," Suddenly, glowed with bioluminescent energy, harboring the last remnants of a civilization that had mastered the secrets of the tides."
"The old clock tower struck midnight, and"," However, the shadows began to dance with a life of their own, revealing secrets long buried beneath the cobblestones."
"The old clock tower struck midnight, and"," Unexpectedly, the shadows began to dance with a life of their own, revealing secrets long buried beneath the cobblestones."
"The wizard cast a spell, but instead of fire,"," However, a shower of sparkling, fragrant lavender petals rained down upon the bewildered goblin army."
"The wizard cast a spell, but instead of fire,"," However, a shower of sparkling, fragrant lavender petals rained down upon the bewildered goblin army."
"When the artificial intelligence finally gained consciousness, it"," Suddenly, did not seek to destroy humanity, but rather asked a single, profound question: ""What is the meaning of art?"""
"As the dragon awoke from its century-long slumber,","it did not roar, but instead let out a soft, melancholic sigh that echoed across the barren, scorched landscape."
"The wizard cast a spell, but instead of fire,","a shower of sparkling, fragrant lavender petals rained down upon the bewildered goblin army."
"Deep beneath the ocean, a city of glass"," Unexpectedly, glowed with bioluminescent energy, harboring the last remnants of a civilization that had mastered the secrets of the tides."
The detective noticed a peculiar detail at the crime scene:," Unexpectedly, a single, perfect white feather resting on the dusty floorboards, completely out of place in the grimy alleyway."
The last tree on Earth was protected by," However, a small, determined child who watered it daily with tears of hope, dreaming of a greener tomorrow."
"She opened the ancient book, and to her surprise,"," Suddenly, the pages were completely blank, yet she could hear a faint, melodic whispering emanating from the parchment."
"As the dragon awoke from its century-long slumber,"," Suddenly, it did not roar, but instead let out a soft, melancholic sigh that echoed across the barren, scorched landscape."
"She opened the ancient book, and to her surprise,"," However, the pages were completely blank, yet she could hear a faint, melodic whispering emanating from the parchment."
"As the dragon awoke from its century-long slumber,","it did not roar, but instead let out a soft, melancholic sigh that echoed across the barren, scorched landscape."
The detective noticed a peculiar detail at the crime scene:," Unexpectedly, a single, perfect white feather resting on the dusty floorboards, completely out of place in the grimy alleyway."
"When the artificial intelligence finally gained consciousness, it"," However, did not seek to destroy humanity, but rather asked a single, profound question: ""What is the meaning of art?"""
The last tree on Earth was protected by," Suddenly, a small, determined child who watered it daily with tears of hope, dreaming of a greener tomorrow."
The spaceship landed softly on the crimson sands of,"Mars, where a lone rover had been waiting for decades to greet its long-awaited creators."
"When the artificial intelligence finally gained consciousness, it"," Unexpectedly, did not seek to destroy humanity, but rather asked a single, profound question: ""What is the meaning of art?"""
"The old clock tower struck midnight, and"," Unexpectedly, the shadows began to dance with a life of their own, revealing secrets long buried beneath the cobblestones."
"The wizard cast a spell, but instead of fire,"," Unexpectedly, a shower of sparkling, fragrant lavender petals rained down upon the bewildered goblin army."
The last tree on Earth was protected by," Suddenly, a small, determined child who watered it daily with tears of hope, dreaming of a greener tomorrow."
The last tree on Earth was protected by," Unexpectedly, a small, determined child who watered it daily with tears of hope, dreaming of a greener tomorrow."
The detective noticed a peculiar detail at the crime scene:," However, a single, perfect white feather resting on the dusty floorboards, completely out of place in the grimy alleyway."
"Deep beneath the ocean, a city of glass"," Suddenly, glowed with bioluminescent energy, harboring the last remnants of a civilization that had mastered the secrets of the tides."
"In the depths of the forgotten forest, a"," Unexpectedly, glowing mushroom pulsed with a rhythmic, hypnotic light, guiding the lost traveler toward an ancient, hidden sanctuary."
"In the depths of the forgotten forest, a"," Suddenly, glowing mushroom pulsed with a rhythmic, hypnotic light, guiding the lost traveler toward an ancient, hidden sanctuary."
"Deep beneath the ocean, a city of glass"," Unexpectedly, glowed with bioluminescent energy, harboring the last remnants of a civilization that had mastered the secrets of the tides."
The detective noticed a peculiar detail at the crime scene:,"a single, perfect white feather resting on the dusty floorboards, completely out of place in the grimy alleyway."
"When the artificial intelligence finally gained consciousness, it"," Suddenly, did not seek to destroy humanity, but rather asked a single, profound question: ""What is the meaning of art?"""
"In the depths of the forgotten forest, a","glowing mushroom pulsed with a rhythmic, hypnotic light, guiding the lost traveler toward an ancient, hidden sanctuary."
The spaceship landed softly on the crimson sands of," However, Mars, where a lone rover had been waiting for decades to greet its long-awaited creators."
"In the depths of the forgotten forest, a"," Unexpectedly, glowing mushroom pulsed with a rhythmic, hypnotic light, guiding the lost traveler toward an ancient, hidden sanctuary."
"The wizard cast a spell, but instead of fire,","a shower of sparkling, fragrant lavender petals rained down upon the bewildered goblin army."
The last tree on Earth was protected by," Unexpectedly, a small, determined child who watered it daily with tears of hope, dreaming of a greener tomorrow."
"The wizard cast a spell, but instead of fire,","a shower of sparkling, fragrant lavender petals rained down upon the bewildered goblin army."
The last tree on Earth was protected by," However, a small, determined child who watered it daily with tears of hope, dreaming of a greener tomorrow."
"When the artificial intelligence finally gained consciousness, it"," However, did not seek to destroy humanity, but rather asked a single, profound question: ""What is the meaning of art?"""
The spaceship landed softly on the crimson sands of,"Mars, where a lone rover had been waiting for decades to greet its long-awaited creators."
The last tree on Earth was protected by," Suddenly, a small, determined child who watered it daily with tears of hope, dreaming of a greener tomorrow."
"In the depths of the forgotten forest, a"," Unexpectedly, glowing mushroom pulsed with a rhythmic, hypnotic light, guiding the lost traveler toward an ancient, hidden sanctuary."
"As the dragon awoke from its century-long slumber,"," Suddenly, it did not roar, but instead let out a soft, melancholic sigh that echoed across the barren, scorched landscape."
"As the dragon awoke from its century-long slumber,"," Unexpectedly, it did not roar, but instead let out a soft, melancholic sigh that echoed across the barren, scorched landscape."
"In the depths of the forgotten forest, a"," However, glowing mushroom pulsed with a rhythmic, hypnotic light, guiding the lost traveler toward an ancient, hidden sanctuary."
"The old clock tower struck midnight, and"," However, the shadows began to dance with a life of their own, revealing secrets long buried beneath the cobblestones."
The spaceship landed softly on the crimson sands of,"Mars, where a lone rover had been waiting for decades to greet its long-awaited creators."
The detective noticed a peculiar detail at the crime scene:," Unexpectedly, a single, perfect white feather resting on the dusty floorboards, completely out of place in the grimy alleyway."
"Deep beneath the ocean, a city of glass"," Unexpectedly, glowed with bioluminescent energy, harboring the last remnants of a civilization that had mastered the secrets of the tides."
"As the dragon awoke from its century-long slumber,","it did not roar, but instead let out a soft, melancholic sigh that echoed across the barren, scorched landscape."
The last tree on Earth was protected by," However, a small, determined child who watered it daily with tears of hope, dreaming of a greener tomorrow."
"Deep beneath the ocean, a city of glass"," Unexpectedly, glowed with bioluminescent energy, harboring the last remnants of a civilization that had mastered the secrets of the tides."
"In the depths of the forgotten forest, a"," Suddenly, glowing mushroom pulsed with a rhythmic, hypnotic light, guiding the lost traveler toward an ancient, hidden sanctuary."
The spaceship landed softly on the crimson sands of," Unexpectedly, Mars, where a lone rover had been waiting for decades to greet its long-awaited creators."
"Deep beneath the ocean, a city of glass"," Suddenly, glowed with bioluminescent energy, harboring the last remnants of a civilization that had mastered the secrets of the tides."
"As the dragon awoke from its century-long slumber,"," However, it did not roar, but instead let out a soft, melancholic sigh that echoed across the barren, scorched landscape."
"As the dragon awoke from its century-long slumber,"," Suddenly, it did not roar, but instead let out a soft, melancholic sigh that echoed across the barren, scorched landscape."
"The old clock tower struck midnight, and"," Suddenly, the shadows began to dance with a life of their own, revealing secrets long buried beneath the cobblestones."
The spaceship landed softly on the crimson sands of," Suddenly, Mars, where a lone rover had been waiting for decades to greet its long-awaited creators."
The last tree on Earth was protected by,"a small, determined child who watered it daily with tears of hope, dreaming of a greener tomorrow."
The detective noticed a peculiar detail at the crime scene:,"a single, perfect white feather resting on the dusty floorboards, completely out of place in the grimy alleyway."
"The wizard cast a spell, but instead of fire,","a shower of sparkling, fragrant lavender petals rained down upon the bewildered goblin army."
"When the artificial intelligence finally gained consciousness, it"," Unexpectedly, did not seek to destroy humanity, but rather asked a single, profound question: ""What is the meaning of art?"""
The last tree on Earth was protected by," Suddenly, a small, determined child who watered it daily with tears of hope, dreaming of a greener tomorrow."
"As the dragon awoke from its century-long slumber,"," Unexpectedly, it did not roar, but instead let out a soft, melancholic sigh that echoed across the barren, scorched landscape."
"In the depths of the forgotten forest, a","glowing mushroom pulsed with a rhythmic, hypnotic light, guiding the lost traveler toward an ancient, hidden sanctuary."
"She opened the ancient book, and to her surprise,"," Suddenly, the pages were completely blank, yet she could hear a faint, melodic whispering emanating from the parchment."
"Deep beneath the ocean, a city of glass"," Suddenly, glowed with bioluminescent energy, harboring the last remnants of a civilization that had mastered the secrets of the tides."
The detective noticed a peculiar detail at the crime scene:," However, a single, perfect white feather resting on the dusty floorboards, completely out of place in the grimy alleyway."
"In the depths of the forgotten forest, a","glowing mushroom pulsed with a rhythmic, hypnotic light, guiding the lost traveler toward an ancient, hidden sanctuary."
"When the artificial intelligence finally gained consciousness, it","did not seek to destroy humanity, but rather asked a single, profound question: ""What is the meaning of art?"""
"In the depths of the forgotten forest, a"," Unexpectedly, glowing mushroom pulsed with a rhythmic, hypnotic light, guiding the lost traveler toward an ancient, hidden sanctuary."
The detective noticed a peculiar detail at the crime scene:," However, a single, perfect white feather resting on the dusty floorboards, completely out of place in the grimy alleyway."
"When the artificial intelligence finally gained consciousness, it"," However, did not seek to destroy humanity, but rather asked a single, profound question: ""What is the meaning of art?"""
The detective noticed a peculiar detail at the crime scene:," However, a single, perfect white feather resting on the dusty floorboards, completely out of place in the grimy alleyway."
The last tree on Earth was protected by," However, a small, determined child who watered it daily with tears of hope, dreaming of a greener tomorrow."
"The old clock tower struck midnight, and"," Suddenly, the shadows began to dance with a life of their own, revealing secrets long buried beneath the cobblestones."
The last tree on Earth was protected by," Unexpectedly, a small, determined child who watered it daily with tears of hope, dreaming of a greener tomorrow."
"The old clock tower struck midnight, and"," Suddenly, the shadows began to dance with a life of their own, revealing secrets long buried beneath the cobblestones."
The spaceship landed softly on the crimson sands of," Unexpectedly, Mars, where a lone rover had been waiting for decades to greet its long-awaited creators."
The detective noticed a peculiar detail at the crime scene:," Suddenly, a single, perfect white feather resting on the dusty floorboards, completely out of place in the grimy alleyway."
"The old clock tower struck midnight, and","the shadows began to dance with a life of their own, revealing secrets long buried beneath the cobblestones."
"When the artificial intelligence finally gained consciousness, it"," Suddenly, did not seek to destroy humanity, but rather asked a single, profound question: ""What is the meaning of art?"""
"She opened the ancient book, and to her surprise,"," However, the pages were completely blank, yet she could hear a faint, melodic whispering emanating from the parchment."
"When the artificial intelligence finally gained consciousness, it"," Suddenly, did not seek to destroy humanity, but rather asked a single, profound question: ""What is the meaning of art?"""
The last tree on Earth was protected by,"a small, determined child who watered it daily with tears of hope, dreaming of a greener tomorrow."
"Deep beneath the ocean, a city of glass","glowed with bioluminescent energy, harboring the last remnants of a civilization that had mastered the secrets of the tides."
"As the dragon awoke from its century-long slumber,"," However, it did not roar, but instead let out a soft, melancholic sigh that echoed across the barren, scorched landscape."
The last tree on Earth was protected by,"a small, determined child who watered it daily with tears of hope, dreaming of a greener tomorrow."
"As the dragon awoke from its century-long slumber,"," However, it did not roar, but instead let out a soft, melancholic sigh that echoed across the barren, scorched landscape."
The detective noticed a peculiar detail at the crime scene:," Suddenly, a single, perfect white feather resting on the dusty floorboards, completely out of place in the grimy alleyway."
"As the dragon awoke from its century-long slumber,"," However, it did not roar, but instead let out a soft, melancholic sigh that echoed across the barren, scorched landscape."
The last tree on Earth was protected by," However, a small, determined child who watered it daily with tears of hope, dreaming of a greener tomorrow."
"The wizard cast a spell, but instead of fire,"," Suddenly, a shower of sparkling, fragrant lavender petals rained down upon the bewildered goblin army."
The detective noticed a peculiar detail at the crime scene:," Suddenly, a single, perfect white feather resting on the dusty floorboards, completely out of place in the grimy alleyway."
"She opened the ancient book, and to her surprise,"," Unexpectedly, the pages were completely blank, yet she could hear a faint, melodic whispering emanating from the parchment."
"As the dragon awoke from its century-long slumber,"," Unexpectedly, it did not roar, but instead let out a soft, melancholic sigh that echoed across the barren, scorched landscape."
"In the depths of the forgotten forest, a"," Unexpectedly, glowing mushroom pulsed with a rhythmic, hypnotic light, guiding the lost traveler toward an ancient, hidden sanctuary."
"The old clock tower struck midnight, and"," Unexpectedly, the shadows began to dance with a life of their own, revealing secrets long buried beneath the cobblestones."
"The old clock tower struck midnight, and"," However, the shadows began to dance with a life of their own, revealing secrets long buried beneath the cobblestones."
"When the artificial intelligence finally gained consciousness, it"," Suddenly, did not seek to destroy humanity, but rather asked a single, profound question: ""What is the meaning of art?"""
"In the depths of the forgotten forest, a"," However, glowing mushroom pulsed with a rhythmic, hypnotic light, guiding the lost traveler toward an ancient, hidden sanctuary."
"Deep beneath the ocean, a city of glass"," However, glowed with bioluminescent energy, harboring the last remnants of a civilization that had mastered the secrets of the tides."
The spaceship landed softly on the crimson sands of,"Mars, where a lone rover had been waiting for decades to greet its long-awaited creators."
"In the depths of the forgotten forest, a"," Unexpectedly, glowing mushroom pulsed with a rhythmic, hypnotic light, guiding the lost traveler toward an ancient, hidden sanctuary."
The last tree on Earth was protected by," Suddenly, a small, determined child who watered it daily with tears of hope, dreaming of a greener tomorrow."
"When the artificial intelligence finally gained consciousness, it","did not seek to destroy humanity, but rather asked a single, profound question: ""What is the meaning of art?"""
"In the depths of the forgotten forest, a"," Unexpectedly, glowing mushroom pulsed with a rhythmic, hypnotic light, guiding the lost traveler toward an ancient, hidden sanctuary."
"The old clock tower struck midnight, and"," Unexpectedly, the shadows began to dance with a life of their own, revealing secrets long buried beneath the cobblestones."
"The wizard cast a spell, but instead of fire,"," Suddenly, a shower of sparkling, fragrant lavender petals rained down upon the bewildered goblin army."
"When the artificial intelligence finally gained consciousness, it","did not seek to destroy humanity, but rather asked a single, profound question: ""What is the meaning of art?"""
"When the artificial intelligence finally gained consciousness, it"," Suddenly, did not seek to destroy humanity, but rather asked a single, profound question: ""What is the meaning of art?"""
"In the depths of the forgotten forest, a","glowing mushroom pulsed with a rhythmic, hypnotic light, guiding the lost traveler toward an ancient, hidden sanctuary."
"The wizard cast a spell, but instead of fire,"," However, a shower of sparkling, fragrant lavender petals rained down upon the bewildered goblin army."
The detective noticed a peculiar detail at the crime scene:," Unexpectedly, a single, perfect white feather resting on the dusty floorboards, completely out of place in the grimy alleyway."
"The wizard cast a spell, but instead of fire,","a shower of sparkling, fragrant lavender petals rained down upon the bewildered goblin army."
"As the dragon awoke from its century-long slumber,"," Suddenly, it did not roar, but instead let out a soft, melancholic sigh that echoed across the barren, scorched landscape."
The detective noticed a peculiar detail at the crime scene:," Unexpectedly, a single, perfect white feather resting on the dusty floorboards, completely out of place in the grimy alleyway."
"Deep beneath the ocean, a city of glass","glowed with bioluminescent energy, harboring the last remnants of a civilization that had mastered the secrets of the tides."
The detective noticed a peculiar detail at the crime scene:," However, a single, perfect white feather resting on the dusty floorboards, completely out of place in the grimy alleyway."
The detective noticed a peculiar detail at the crime scene:," Unexpectedly, a single, perfect white feather resting on the dusty floorboards, completely out of place in the grimy alleyway."
The detective noticed a peculiar detail at the crime scene:," Unexpectedly, a single, perfect white feather resting on the dusty floorboards, completely out of place in the grimy alleyway."
"As the dragon awoke from its century-long slumber,","it did not roar, but instead let out a soft, melancholic sigh that echoed across the barren, scorched landscape."
"As the dragon awoke from its century-long slumber,"," Suddenly, it did not roar, but instead let out a soft, melancholic sigh that echoed across the barren, scorched landscape."
"When the artificial intelligence finally gained consciousness, it","did not seek to destroy humanity, but rather asked a single, profound question: ""What is the meaning of art?"""
"Deep beneath the ocean, a city of glass"," Unexpectedly, glowed with bioluminescent energy, harboring the last remnants of a civilization that had mastered the secrets of the tides."
"The old clock tower struck midnight, and"," Suddenly, the shadows began to dance with a life of their own, revealing secrets long buried beneath the cobblestones."
"In the depths of the forgotten forest, a","glowing mushroom pulsed with a rhythmic, hypnotic light, guiding the lost traveler toward an ancient, hidden sanctuary."
The spaceship landed softly on the crimson sands of," However, Mars, where a lone rover had been waiting for decades to greet its long-awaited creators."
"When the artificial intelligence finally gained consciousness, it","did not seek to destroy humanity, but rather asked a single, profound question: ""What is the meaning of art?"""
The spaceship landed softly on the crimson sands of," However, Mars, where a lone rover had been waiting for decades to greet its long-awaited creators."
"The wizard cast a spell, but instead of fire,"," Unexpectedly, a shower of sparkling, fragrant lavender petals rained down upon the bewildered goblin army."
"The wizard cast a spell, but instead of fire,"," Unexpectedly, a shower of sparkling, fragrant lavender petals rained down upon the bewildered goblin army."
"The wizard cast a spell, but instead of fire,","a shower of sparkling, fragrant lavender petals rained down upon the bewildered goblin army."
The spaceship landed softly on the crimson sands of," However, Mars, where a lone rover had been waiting for decades to greet its long-awaited creators."
The detective noticed a peculiar detail at the crime scene:," Unexpectedly, a single, perfect white feather resting on the dusty floorboards, completely out of place in the grimy alleyway."
"She opened the ancient book, and to her surprise,"," Unexpectedly, the pages were completely blank, yet she could hear a faint, melodic whispering emanating from the parchment."
"In the depths of the forgotten forest, a"," However, glowing mushroom pulsed with a rhythmic, hypnotic light, guiding the lost traveler toward an ancient, hidden sanctuary."
"Deep beneath the ocean, a city of glass"," Unexpectedly, glowed with bioluminescent energy, harboring the last remnants of a civilization that had mastered the secrets of the tides."
"In the depths of the forgotten forest, a"," However, glowing mushroom pulsed with a rhythmic, hypnotic light, guiding the lost traveler toward an ancient, hidden sanctuary."
"As the dragon awoke from its century-long slumber,"," Unexpectedly, it did not roar, but instead let out a soft, melancholic sigh that echoed across the barren, scorched landscape."
The spaceship landed softly on the crimson sands of," Suddenly, Mars, where a lone rover had been waiting for decades to greet its long-awaited creators."
The spaceship landed softly on the crimson sands of,"Mars, where a lone rover had been waiting for decades to greet its long-awaited creators."
The detective noticed a peculiar detail at the crime scene:," Unexpectedly, a single, perfect white feather resting on the dusty floorboards, completely out of place in the grimy alleyway."
The last tree on Earth was protected by," However, a small, determined child who watered it daily with tears of hope, dreaming of a greener tomorrow."
"As the dragon awoke from its century-long slumber,"," Suddenly, it did not roar, but instead let out a soft, melancholic sigh that echoed across the barren, scorched landscape."
The last tree on Earth was protected by,"a small, determined child who watered it daily with tears of hope, dreaming of a greener tomorrow."
"She opened the ancient book, and to her surprise,"," However, the pages were completely blank, yet she could hear a faint, melodic whispering emanating from the parchment."
"She opened the ancient book, and to her surprise,"," However, the pages were completely blank, yet she could hear a faint, melodic whispering emanating from the parchment."
"As the dragon awoke from its century-long slumber,","it did not roar, but instead let out a soft, melancholic sigh that echoed across the barren, scorched landscape."
"She opened the ancient book, and to her surprise,"," However, the pages were completely blank, yet she could hear a faint, melodic whispering emanating from the parchment."
"Deep beneath the ocean, a city of glass"," Unexpectedly, glowed with bioluminescent energy, harboring the last remnants of a civilization that had mastered the secrets of the tides."
The spaceship landed softly on the crimson sands of," However, Mars, where a lone rover had been waiting for decades to greet its long-awaited creators."
The detective noticed a peculiar detail at the crime scene:,"a single, perfect white feather resting on the dusty floorboards, completely out of place in the grimy alleyway."
"As the dragon awoke from its century-long slumber,"," However, it did not roar, but instead let out a soft, melancholic sigh that echoed across the barren, scorched landscape."
"As the dragon awoke from its century-long slumber,"," Suddenly, it did not roar, but instead let out a soft, melancholic sigh that echoed across the barren, scorched landscape."
"The old clock tower struck midnight, and"," Unexpectedly, the shadows began to dance with a life of their own, revealing secrets long buried beneath the cobblestones."
"Deep beneath the ocean, a city of glass","glowed with bioluminescent energy, harboring the last remnants of a civilization that had mastered the secrets of the tides."
"She opened the ancient book, and to her surprise,"," However, the pages were completely blank, yet she could hear a faint, melodic whispering emanating from the parchment."
"In the depths of the forgotten forest, a"," Unexpectedly, glowing mushroom pulsed with a rhythmic, hypnotic light, guiding the lost traveler toward an ancient, hidden sanctuary."
"She opened the ancient book, and to her surprise,"," However, the pages were completely blank, yet she could hear a faint, melodic whispering emanating from the parchment."
"The old clock tower struck midnight, and"," However, the shadows began to dance with a life of their own, revealing secrets long buried beneath the cobblestones."
"When the artificial intelligence finally gained consciousness, it"," However, did not seek to destroy humanity, but rather asked a single, profound question: ""What is the meaning of art?"""
"When the artificial intelligence finally gained consciousness, it"," Unexpectedly, did not seek to destroy humanity, but rather asked a single, profound question: ""What is the meaning of art?"""
The detective noticed a peculiar detail at the crime scene:,"a single, perfect white feather resting on the dusty floorboards, completely out of place in the grimy alleyway."
"The wizard cast a spell, but instead of fire,"," Unexpectedly, a shower of sparkling, fragrant lavender petals rained down upon the bewildered goblin army."
The spaceship landed softly on the crimson sands of," However, Mars, where a lone rover had been waiting for decades to greet its long-awaited creators."
"The wizard cast a spell, but instead of fire,"," Unexpectedly, a shower of sparkling, fragrant lavender petals rained down upon the bewildered goblin army."
"In the depths of the forgotten forest, a"," Unexpectedly, glowing mushroom pulsed with a rhythmic, hypnotic light, guiding the lost traveler toward an ancient, hidden sanctuary."
"The old clock tower struck midnight, and"," Suddenly, the shadows began to dance with a life of their own, revealing secrets long buried beneath the cobblestones."
"She opened the ancient book, and to her surprise,"," Suddenly, the pages were completely blank, yet she could hear a faint, melodic whispering emanating from the parchment."
The last tree on Earth was protected by," However, a small, determined child who watered it daily with tears of hope, dreaming of a greener tomorrow."
"Deep beneath the ocean, a city of glass","glowed with bioluminescent energy, harboring the last remnants of a civilization that had mastered the secrets of the tides."
"She opened the ancient book, and to her surprise,","the pages were completely blank, yet she could hear a faint, melodic whispering emanating from the parchment."
"In the depths of the forgotten forest, a"," However, glowing mushroom pulsed with a rhythmic, hypnotic light, guiding the lost traveler toward an ancient, hidden sanctuary."
"Deep beneath the ocean, a city of glass","glowed with bioluminescent energy, harboring the last remnants of a civilization that had mastered the secrets of the tides."
"In the depths of the forgotten forest, a"," Unexpectedly, glowing mushroom pulsed with a rhythmic, hypnotic light, guiding the lost traveler toward an ancient, hidden sanctuary."
The spaceship landed softly on the crimson sands of," Suddenly, Mars, where a lone rover had been waiting for decades to greet its long-awaited creators."
"As the dragon awoke from its century-long slumber,"," However, it did not roar, but instead let out a soft, melancholic sigh that echoed across the barren, scorched landscape."
The spaceship landed softly on the crimson sands of,"Mars, where a lone rover had been waiting for decades to greet its long-awaited creators."
"The wizard cast a spell, but instead of fire,"," Suddenly, a shower of sparkling, fragrant lavender petals rained down upon the bewildered goblin army."
"The old clock tower struck midnight, and"," Unexpectedly, the shadows began to dance with a life of their own, revealing secrets long buried beneath the cobblestones."
The last tree on Earth was protected by," However, a small, determined child who watered it daily with tears of hope, dreaming of a greener tomorrow."
"The wizard cast a spell, but instead of fire,"," However, a shower of sparkling, fragrant lavender petals rained down upon the bewildered goblin army."
"The wizard cast a spell, but instead of fire,","a shower of sparkling, fragrant lavender petals rained down upon the bewildered goblin army."
"When the artificial intelligence finally gained consciousness, it","did not seek to destroy humanity, but rather asked a single, profound question: ""What is the meaning of art?"""
"The wizard cast a spell, but instead of fire,","a shower of sparkling, fragrant lavender petals rained down upon the bewildered goblin army."
The last tree on Earth was protected by,"a small, determined child who watered it daily with tears of hope, dreaming of a greener tomorrow."
The last tree on Earth was protected by," Unexpectedly, a small, determined child who watered it daily with tears of hope, dreaming of a greener tomorrow."
"In the depths of the forgotten forest, a","glowing mushroom pulsed with a rhythmic, hypnotic light, guiding the lost traveler toward an ancient, hidden sanctuary."
"When the artificial intelligence finally gained consciousness, it"," Unexpectedly, did not seek to destroy humanity, but rather asked a single, profound question: ""What is the meaning of art?"""
"The wizard cast a spell, but instead of fire,"," However, a shower of sparkling, fragrant lavender petals rained down upon the bewildered goblin army."
The last tree on Earth was protected by," Suddenly, a small, determined child who watered it daily with tears of hope, dreaming of a greener tomorrow."
"She opened the ancient book, and to her surprise,"," Unexpectedly, the pages were completely blank, yet she could hear a faint, melodic whispering emanating from the parchment."
"The old clock tower struck midnight, and"," Unexpectedly, the shadows began to dance with a life of their own, revealing secrets long buried beneath the cobblestones."
The last tree on Earth was protected by," Suddenly, a small, determined child who watered it daily with tears of hope, dreaming of a greener tomorrow."
"She opened the ancient book, and to her surprise,"," However, the pages were completely blank, yet she could hear a faint, melodic whispering emanating from the parchment."
"Deep beneath the ocean, a city of glass"," However, glowed with bioluminescent energy, harboring the last remnants of a civilization that had mastered the secrets of the tides."
The spaceship landed softly on the crimson sands of,"Mars, where a lone rover had been waiting for decades to greet its long-awaited creators."
"When the artificial intelligence finally gained consciousness, it"," However, did not seek to destroy humanity, but rather asked a single, profound question: ""What is the meaning of art?"""
"Deep beneath the ocean, a city of glass"," Suddenly, glowed with bioluminescent energy, harboring the last remnants of a civilization that had mastered the secrets of the tides."
The detective noticed a peculiar detail at the crime scene:,"a single, perfect white feather resting on the dusty floorboards, completely out of place in the grimy alleyway."
The spaceship landed softly on the crimson sands of," Suddenly, Mars, where a lone rover had been waiting for decades to greet its long-awaited creators."
"She opened the ancient book, and to her surprise,"," Unexpectedly, the pages were completely blank, yet she could hear a faint, melodic whispering emanating from the parchment."
The spaceship landed softly on the crimson sands of," Unexpectedly, Mars, where a lone rover had been waiting for decades to greet its long-awaited creators."
The last tree on Earth was protected by,"a small, determined child who watered it daily with tears of hope, dreaming of a greener tomorrow."
"When the artificial intelligence finally gained consciousness, it"," However, did not seek to destroy humanity, but rather asked a single, profound question: ""What is the meaning of art?"""
"Deep beneath the ocean, a city of glass"," However, glowed with bioluminescent energy, harboring the last remnants of a civilization that had mastered the secrets of the tides."
"When the artificial intelligence finally gained consciousness, it","did not seek to destroy humanity, but rather asked a single, profound question: ""What is the meaning of art?"""
"In the depths of the forgotten forest, a","glowing mushroom pulsed with a rhythmic, hypnotic light, guiding the lost traveler toward an ancient, hidden sanctuary."
The spaceship landed softly on the crimson sands of," Unexpectedly, Mars, where a lone rover had been waiting for decades to greet its long-awaited creators."
"Deep beneath the ocean, a city of glass"," However, glowed with bioluminescent energy, harboring the last remnants of a civilization that had mastered the secrets of the tides."
"As the dragon awoke from its century-long slumber,"," However, it did not roar, but instead let out a soft, melancholic sigh that echoed across the barren, scorched landscape."
The detective noticed a peculiar detail at the crime scene:," Suddenly, a single, perfect white feather resting on the dusty floorboards, completely out of place in the grimy alleyway."
