time,value
0.0,2.2483570765056164
0.05005005005005005,1.9827933469372387
0.1001001001001001,2.4264382029509295
0.15015015015015015,2.9135163991412063
0.2002002002002002,2.083068367398689
0.2502502502502503,2.1299539366221842
0.3003003003003003,3.0822384718111833
0.3503503503503504,2.7206906590107836
0.4004004004004004,2.1453089845413387
0.45045045045045046,2.693131582168098
0.5005005005005005,2.2306822163728177
0.5505505505505506,2.2688021966902077
0.6006006006006006,2.6606638818886807
0.6506506506506506,1.6198018722715004
0.7007007007007008,1.749490571850585
0.7507507507507508,2.3650668808287723
0.8008008008008008,2.1728160689517857
0.8508508508508509,2.868143005105419
0.9009009009009009,2.287569366718801
0.9509509509509511,2.064774328322252
1.001001001001001,3.531887114719967
1.0510510510510511,2.7131126827564906
1.1011011011011012,2.885515062351588
1.1511511511511512,2.163950179914745
1.2012012012012012,2.627541250893239
1.2512512512512513,2.9774497857695255
1.3013013013013013,2.367608287080236
1.3513513513513515,3.15094519463638
1.4014014014014016,2.681656929627299
1.4514514514514516,2.85391354830068
1.5015015015015016,2.715611018615919
1.5515515515515517,3.958243365916173
1.6016016016016017,3.0399485404088926
1.6516516516516517,2.5314049556122917
1.7017017017017018,3.484084551445019
1.7517517517517518,2.4739489214959423
1.8018018018018018,3.1993872725316796
1.8518518518518519,2.124750840208926
1.9019019019019021,2.4491891291792127
1.9519519519519521,3.219495462800733
2.002002002002002,3.4971883555033223
2.052052052052052,3.2196585043796384
2.1021021021021022,3.0813205894130093
2.1521521521521523,2.9929367355529397
2.2022022022022023,2.4077677542157323
2.2522522522522523,2.789866345279896
2.3023023023023024,2.921471895203675
2.3523523523523524,3.681622312460953
2.4024024024024024,3.3254316484579025
2.4524524524524525,2.271979738447601
2.5025025025025025,3.3147600504154537
2.5525525525525525,2.9587613298110886
2.6026026026026026,2.81081751692306
2.6526526526526526,3.452510091548418
2.702702702702703,3.6590084954444886
2.752752752752753,3.6054551270956003
2.802802802802803,2.71600857136109
2.852852852852853,2.9763359061843144
2.902902902902903,3.2914477891718463
2.9529529529529532,3.6080386970840252
3.0030030030030033,2.87473213873088
3.0530530530530533,3.015173042734733
3.1031031031031033,2.5481756346379765
3.1531531531531534,2.4962649487074096
3.2032032032032034,3.493368135241062
3.2532532532532534,3.757701326539124
3.3033033033033035,3.035818771158911
3.3533533533533535,3.5656265252892885
3.4034034034034035,3.2365353186319603
3.4534534534534536,2.7248628529256345
3.5035035035035036,3.219701289657684
3.5535535535535536,3.799504907746323
3.6036036036036037,3.0039860630983286
3.6536536536536537,3.7955895011640743
3.7037037037037037,1.6947465097708154
3.753753753753754,3.406931000893472
3.8038038038038042,3.030899584758368
3.8538538538538543,2.829330407011865
3.9039039039039043,3.0162601260628787
3.9539539539539543,1.9682542157893417
4.004004004004004,2.8440003435869947
4.054054054054054,3.1243539919831327
4.104104104104104,3.6768947850368843
4.1541541541541545,2.6711758719468692
4.2042042042042045,2.5186647579789474
4.2542542542542545,2.664894830587584
4.3043043043043046,3.3666209135212743
4.354354354354355,3.0667497394234955
4.404404404404405,2.63127896593038
4.454454454454455,3.1469305379776937
4.504504504504505,2.9333481129407573
4.554554554554555,3.3640405668524194
4.604604604604605,2.5240174729754608
4.654654654654655,2.706976639010997
4.704704704704705,2.6709751173266536
4.754754754754755,2.1319705376387157
4.804804804804805,3.0089833394377115
4.854854854854855,2.9891609073980416
4.904904904904905,2.859432922588591
4.954954954954955,2.738375823237333
5.005005005005005,2.1473443437973088
5.055055055055055,2.6446507885072177
5.105105105105105,2.684159030551693
5.155155155155155,2.45553469219396
5.205205205205205,2.7778161939088912
5.255255255255255,3.06291275215446
5.305305305305305,3.807064335756842
5.355355355355356,2.9550127373016166
5.405405405405406,3.0009318046541624
5.455455455455456,2.8400580534876303
5.505505505505506,1.9237220547994123
5.555555555555556,2.8763895765808547
5.605605605605606,2.927021942699701
5.655655655655656,4.136518271774747
5.705705705705706,2.817445053625511
5.755755755755756,3.0738726580650613
5.805805805805806,2.915968164846557
5.855855855855856,2.359967475787262
5.9059059059059065,3.527462783009032
5.9559559559559565,3.344529543443764
6.0060060060060065,3.377361032152658
6.056056056056057,2.541206625733378
6.106106106106107,3.7121282188831466
6.156156156156157,2.3254130786440994
6.206206206206207,3.3361522263970724
6.256256256256257,4.155114035794662
6.306306306306307,2.5825572925357423
6.356356356356357,2.813390989641038
6.406406406406407,3.1658528453341406
6.456456456456457,2.884546559151789
6.506506506506507,2.3819760805307713
6.556556556556557,3.213374418009978
6.606606606606607,2.6704827402020683
6.656656656656657,3.4617230895150124
6.706706706706707,2.7892509982232454
6.756756756756757,4.048703154439284
6.806806806806807,2.907610651340042
6.856856856856857,3.1644275940890716
6.906906906906907,3.759148216313899
6.956956956956957,2.7645886941972084
7.007007007007007,3.5220711452760916
7.057057057057057,4.0909103620561815
7.107107107107107,2.663260372548437
7.157157157157157,3.589634161820532
7.207207207207207,3.658212481009596
7.257257257257257,3.9507606896168292
7.307307307307307,2.973561444256852
7.357357357357357,2.964589829596604
7.407407407407407,3.9191478264114963
7.4574574574574575,3.840589015330065
7.507507507507508,3.851806009645151
7.557557557557558,3.9347718057172574
7.6076076076076085,3.457030015704335
7.6576576576576585,3.949151227629112
7.7077077077077085,4.016010144897015
7.7577577577577586,3.549194898585891
7.807807807807809,4.876580832735249
7.857857857857859,4.2183378470307495
7.907907907907909,3.423880339827777
7.957957957957959,4.386280036327602
8.008008008008009,3.609471042256355
8.058058058058059,4.529476911601127
8.108108108108109,4.7546453437201075
8.158158158158159,3.804685231728339
8.208208208208209,4.736634434789122
8.258258258258259,4.501472791791581
8.308308308308309,4.74643878356564
8.358358358358359,5.324296043507874
8.408408408408409,4.293834506994496
8.458458458458459,4.0804010019539785
8.508508508508509,4.053336905154372
8.558558558558559,4.131071225855366
8.608608608608609,4.541337373270163
8.65865865865866,4.791377805559049
8.70870870870871,4.800034396167432
8.75875875875876,5.116113001604668
8.80880880880881,4.749771294518855
8.85885885885886,5.510674131238123
8.90890890890891,4.692074185918844
8.95895895895896,6.2248122849356795
9.00900900900901,5.217686736300914
9.05905905905906,4.5161704470668305
9.10910910910911,4.448940368578537
9.15915915915916,5.264971780570678
9.20920920920921,4.9510349575102905
9.25925925925926,5.458449399848248
9.30930930930931,5.376372960638685
9.35935935935936,5.1412370314056
9.40940940940941,4.791714465658316
9.45945945945946,4.494680222920598
9.50950950950951,5.065341761213179
9.55955955955956,5.752767206837005
9.60960960960961,5.467026784338211
9.65965965965966,4.7719366155299925
9.70970970970971,5.515607129800747
9.75975975975976,5.655241306325263
9.80980980980981,5.053546011902938
9.85985985985986,5.604526614183394
9.90990990990991,5.588226219480035
9.95995995995996,5.0183344438911925
10.01001001001001,5.798622639096964
10.06006006006006,5.9292141750423255
10.11011011011011,6.2185962982949405
10.16016016016016,6.231348794932362
10.21021021021021,5.042091328647259
10.26026026026026,5.287566038907406
10.31031031031031,6.038596537141111
10.36036036036036,6.061593880687896
10.41041041041041,6.084842645982763
10.46046046046046,7.775272978215093
10.51051051051051,6.154886502149141
10.56056056056056,6.456679147826522
10.61061061061061,6.384249289040627
10.66066066066066,6.250169507597466
10.710710710710712,5.782915006851112
10.760760760760762,6.334937633591896
10.810810810810812,5.58274934404044
10.860860860860862,5.863245524292837
10.910910910910912,5.750228835825032
10.960960960960962,6.043845881958822
11.011011011011012,7.168958805028403
11.061061061061062,5.085420813891875
11.111111111111112,6.368291844480954
11.161161161161163,5.223578487619846
11.211211211211213,5.79739400885998
11.261261261261263,6.579890751362941
11.311311311311313,6.068226764446895
11.361361361361363,5.496485919303134
11.411411411411413,5.675563392354209
11.461461461461463,6.369442264062144
11.511511511511513,5.659445933928011
11.561561561561563,6.126389341355837
11.611611611611613,6.033009633961242
11.661661661661663,5.6750087367990885
11.711711711711713,7.061877072783385
11.761761761761763,6.294461711252127
11.811811811811813,4.951020016476108
11.861861861861863,6.041391155242458
11.911911911911913,5.60031943688731
11.961961961961963,6.338947167524605
12.012012012012013,5.49645107452476
12.062062062062063,5.813782015647556
12.112112112112113,6.100536041986131
12.162162162162163,6.256261856565707
12.212212212212213,5.197024718429398
12.262262262262263,5.602155687654833
12.312312312312313,5.502610474746972
12.362362362362363,5.382538307091963
12.412412412412413,6.559493141547866
12.462462462462463,5.845264427934218
12.512512512512513,4.976785560112632
12.562562562562563,6.029061663762891
12.612612612612613,6.592564718134009
12.662662662662663,6.007532357877287
12.712712712712714,4.689890246546652
12.762762762762764,5.164202116437677
12.812812812812814,5.994993910221551
12.862862862862864,4.961405691383457
12.912912912912914,5.489343584858792
12.962962962962964,5.6054449570888485
13.013013013013014,4.70386742131691
13.063063063063064,5.085296222225134
13.113113113113114,3.4406846296555242
13.163163163163164,4.493929460178737
13.213213213213214,4.823202973539992
13.263263263263264,4.2675319934956
13.313313313313314,5.648153285810502
13.363363363363364,4.056004016376839
13.413413413413414,4.488798817057356
13.463463463463464,4.710573994558054
13.513513513513514,5.300877030584865
13.563563563563564,3.796018497895746
13.613613613613614,5.027932336279105
13.663663663663664,4.382579478387286
13.713713713713714,3.816553312299569
13.763763763763764,4.466957557629491
13.813813813813814,4.26280931238608
13.863863863863864,3.7893427671671835
13.913913913913914,4.04934537724394
13.963963963963964,3.7456259870463193
14.014014014014014,3.9177497949667157
14.064064064064064,4.113659864641602
14.114114114114114,4.4961271950552035
14.164164164164164,3.0036825288067277
14.214214214214214,4.607552642169219
14.264264264264265,2.482439433133864
14.314314314314315,3.2990679285030096
14.364364364364365,3.5846545836387564
14.414414414414415,3.345614893232746
14.464464464464465,2.8075092678331126
14.514514514514515,2.9276851606433163
14.564564564564565,2.697310835741159
14.614614614614615,2.560402723082487
14.664664664664665,3.190400187585103
14.714714714714715,2.8538930350217213
14.764764764764765,2.2380210404511236
14.814814814814815,2.9427033761460057
14.864864864864865,2.5543508804798893
14.914914914914915,2.7143333169382178
14.964964964964967,2.52935497576388
15.015015015015017,1.706152521209059
15.065065065065067,1.746174459946264
15.115115115115117,2.3050667976802446
15.165165165165167,2.141335039031319
15.215215215215217,1.7300389861076761
15.265265265265267,1.703138602249579
15.315315315315317,2.186973218097796
15.365365365365367,1.1557373254986292
15.415415415415417,1.6282061652486646
15.465465465465467,1.1564837602883373
15.515515515515517,1.051486323137847
15.565565565565567,1.6123225820022589
15.615615615615617,1.3781461986611767
15.665665665665667,1.2746296483411579
15.715715715715717,1.4230203163491677
15.765765765765767,0.6831945475297917
15.815815815815817,0.9161228099473523
15.865865865865867,0.32254495612501227
15.915915915915917,0.5424081188569247
15.965965965965967,0.21805084378026152
16.016016016016017,0.23460474057454248
16.066066066066067,0.38689265179096316
16.116116116116117,-0.416329915968914
16.166166166166168,0.9427350240743209
16.216216216216218,-0.7023760645405147
16.266266266266268,-0.902004738137915
16.316316316316318,0.18900286952903078
16.366366366366368,-0.08892743453254026
16.416416416416418,-0.26693440838633486
16.466466466466468,-0.35855192121940155
16.516516516516518,-0.7720390263258257
16.566566566566568,-1.3071604743330274
16.616616616616618,-0.9126417389333772
16.666666666666668,-1.38049541512653
16.716716716716718,-0.6450521303186181
16.766766766766768,-1.2961324774582683
16.816816816816818,-1.7246063715937459
16.866866866866868,-1.5610351287491884
16.916916916916918,-1.2815600391110675
16.966966966966968,-1.8567398409315279
17.017017017017018,-2.0719773746643546
17.067067067067068,-1.6241210459323892
17.117117117117118,-1.7076572422044995
17.167167167167168,-2.1668374380134967
17.217217217217218,-2.2311313393620194
17.26726726726727,-1.9608266721591694
17.31731731731732,-2.881099040519538
17.36736736736737,-2.9399329839187835
17.41741741741742,-2.673480236774901
17.46746746746747,-2.4979259332718295
17.51751751751752,-2.3115550156242732
17.56756756756757,-1.8039749702574195
17.61761761761762,-2.1862816507628704
17.66766766766767,-2.7673301251826063
17.71771771771772,-2.7678869459445514
17.76776776776777,-3.329408330280422
17.81781781781782,-2.905890767986964
17.86786786786787,-3.108159431867218
17.91791791791792,-2.8683524221629892
17.96796796796797,-3.5078754713828064
18.01801801801802,-2.8977834991608513
18.06806806806807,-2.4529149991632413
18.11811811811812,-3.334106395152166
18.16816816816817,-3.137910462187582
18.21821821821822,-3.0513171936311743
18.26826826826827,-3.6531906454352803
18.31831831831832,-3.3952800018734606
18.36836836836837,-3.5543175244830953
18.41841841841842,-3.563592623861362
18.46846846846847,-4.049270584027362
18.51851851851852,-3.699353091219343
18.56856856856857,-3.50994917927867
18.61861861861862,-3.079205321214948
18.66866866866867,-3.369450963046695
18.71871871871872,-2.815277452861624
18.76876876876877,-4.316791236040047
18.81881881881882,-3.5366666006212957
18.86886886886887,-3.9193211083693456
18.91891891891892,-2.9527074146868726
18.96896896896897,-4.486823035687466
19.01901901901902,-4.536045545224635
19.06906906906907,-4.447835688515432
19.11911911911912,-5.240485083620051
19.16916916916917,-4.470255616309815
19.21921921921922,-4.614229071743247
19.26926926926927,-4.185195764226153
19.31931931931932,-4.113692199950631
19.36936936936937,-3.3691130452613685
19.41941941941942,-3.853069498191633
19.46946946946947,-4.636275593167825
19.51951951951952,-4.815038351563238
19.56956956956957,-4.136349871281513
19.61961961961962,-5.057382755751099
19.66966966966967,-3.494979551099166
19.71971971971972,-3.8329263368170743
19.76976976976977,-4.667675717556595
19.81981981981982,-5.298610778685839
19.86986986986987,-3.7725879143161754
19.91991991991992,-4.512811142806223
19.96996996996997,-3.8411990029557184
20.02002002002002,-5.260448747640202
20.07007007007007,-4.764625712325249
20.12012012012012,-4.462609551569106
20.17017017017017,-4.440639298952404
20.22022022022022,-4.686681265715683
20.27027027027027,-4.146379642115995
20.32032032032032,-4.98642509651668
20.37037037037037,-4.517286778453034
20.42042042042042,-4.378121561775706
20.47047047047047,-4.171931405439611
20.52052052052052,-4.062953442164131
20.57057057057057,-4.969440691944132
20.62062062062062,-5.1613048617815815
20.67067067067067,-3.741328073806091
20.72072072072072,-4.198740515568884
20.77077077077077,-4.722706428665077
20.82082082082082,-3.555310194716856
20.87087087087087,-4.254352543925466
20.92092092092092,-3.7027493534160967
20.97097097097097,-4.23777540398608
21.02102102102102,-3.2192506487486856
21.07107107107107,-3.3490225026582974
21.12112112112112,-4.3272471454854
21.17117117117117,-3.692081458608822
21.22122122122122,-3.829336793264609
21.27127127127127,-3.4409494072412072
21.32132132132132,-4.5800768703981385
21.371371371371374,-3.726076173798575
21.421421421421424,-3.5105408101232274
21.471471471471475,-4.888966193674862
21.521521521521525,-4.5702894780598085
21.571571571571575,-4.96658883078402
21.621621621621625,-4.049266031335972
21.671671671671675,-3.5226875231849193
21.721721721721725,-3.096511330044454
21.771771771771775,-3.7762380136190803
21.821821821821825,-2.96396684836784
21.871871871871875,-4.432737696907238
21.921921921921925,-4.558243236691607
21.971971971971975,-3.697673285596453
22.022022022022025,-3.4407262427496463
22.072072072072075,-3.611507781494576
22.122122122122125,-4.590854639803837
22.172172172172175,-3.5632683831978564
22.222222222222225,-4.132149324693704
22.272272272272275,-3.1059457717707093
22.322322322322325,-3.218041437023
22.372372372372375,-3.8315597293175223
22.422422422422425,-3.578582972544293
22.472472472472475,-3.8110658938173154
22.522522522522525,-3.2724176625012285
22.572572572572575,-2.722964579398881
22.622622622622625,-3.6527241593765583
22.672672672672675,-2.867059996177396
22.722722722722725,-3.343359658189654
22.772772772772775,-3.433768881002796
22.822822822822825,-3.049931593941654
22.872872872872875,-3.473131920719394
22.922922922922925,-3.1914679502384447
22.972972972972975,-3.472780485528784
23.023023023023026,-1.8507701266345906
23.073073073073076,-2.77491187183718
23.123123123123126,-3.1019637090775847
23.173173173173176,-2.604840857232001
23.223223223223226,-2.7279230723790433
23.273273273273276,-2.7423958998425797
23.323323323323326,-2.2852286573066785
23.373373373373376,-2.1742325324365233
23.423423423423426,-2.7792089979574834
23.473473473473476,-2.7631609716624275
23.523523523523526,-2.574415786840925
23.573573573573576,-3.549856057210617
23.623623623623626,-3.1188862884573654
23.673673673673676,-1.6406604407733227
23.723723723723726,-1.4648533369640522
23.773773773773776,-2.3755483677553375
23.823823823823826,-1.9269187413079003
23.873873873873876,-2.0242323666207342
23.923923923923926,-0.6055896604056374
23.973973973973976,-1.5509460989303832
24.024024024024026,-2.1409445839810664
24.074074074074076,-2.5215742537434864
24.124124124124126,-2.814428101557987
24.174174174174176,-1.8774727184106816
24.224224224224226,-2.325993578196834
24.274274274274276,-2.628187545118866
24.324324324324326,-2.2102325190188337
24.374374374374376,-2.3982617898897036
24.424424424424426,-0.9851277576537261
24.474474474474476,-1.359770632009087
24.524524524524526,-1.7771613007144191
24.574574574574577,-1.0064906077181395
24.624624624624627,-1.6817794421968593
24.674674674674677,-2.1258291267271163
24.724724724724727,-0.9090795080345023
24.774774774774777,-1.3773800005182963
24.824824824824827,-2.142397675632894
24.874874874874877,-1.6966360363291888
24.924924924924927,-2.017726141379899
24.974974974974977,-2.250530382713929
25.025025025025027,-1.0760226659912613
25.075075075075077,-0.5651549632116859
25.125125125125127,-2.2006726012956825
25.175175175175177,-1.2022054442586947
25.225225225225227,-1.792089606161103
25.275275275275277,-1.6941868402418288
25.325325325325327,-1.7314543259710962
25.375375375375377,-1.8526624388575355
25.425425425425427,-1.382590757268133
25.475475475475477,-1.8092835945067054
25.525525525525527,-1.2463064279261633
25.575575575575577,-1.395145704881477
25.625625625625627,-1.4787534302823342
25.675675675675677,-1.8030696654685205
25.725725725725727,-1.6284316071715716
25.775775775775777,-0.9538514153917103
25.825825825825827,-1.0733250945156771
25.875875875875877,-1.8055254402329641
25.925925925925927,-1.260764467448819
25.975975975975977,-0.92912905111203
26.026026026026027,-2.1346162750457647
26.076076076076077,-1.024012756626107
26.126126126126128,-1.6234606517181494
26.176176176176178,-1.0039699082517914
26.226226226226228,-1.6686710459856424
26.276276276276278,-2.187893065596345
26.326326326326328,-2.0982580449321975
26.376376376376378,-1.2600887507843173
26.426426426426428,-1.1545086769897506
26.476476476476478,-1.7373453729209531
26.526526526526528,-0.9672699317724587
26.576576576576578,-2.11925022892213
26.626626626626628,-1.323981477329615
26.676676676676678,-1.8994102621542996
26.726726726726728,-1.6232713305124504
26.776776776776778,-1.2775763901727295
26.826826826826828,-1.7358564897417084
26.876876876876878,-1.502733095967869
26.926926926926928,-0.812525195425507
26.976976976976978,-1.6097234294105731
27.027027027027028,-0.9094053606198698
27.077077077077078,-1.898424767438612
27.127127127127128,-1.0753127307144603
27.177177177177178,-0.6263746959968002
27.227227227227228,-2.5902029134802826
27.27727727727728,-1.7603038106721502
27.32732732732733,-1.0810255384738463
27.37737737737738,-1.478995312963645
27.42742742742743,-1.1999916780076803
27.47747747747748,-1.6958052540087176
27.52752752752753,-1.358896652063754
27.57757757757758,-1.4885144071156224
27.62762762762763,-0.8353486290764167
27.67767767767768,-1.30064677112904
27.72772772772773,-1.2677008778097423
27.77777777777778,-1.6510868155862932
27.82782782782783,-1.6975721223327958
27.87787787787788,-1.6786166232129123
27.92792792792793,-1.2736009648611704
27.97797797797798,-1.689702795630452
28.02802802802803,-1.3425735801291998
28.07807807807808,-0.4578508346324093
28.12812812812813,-1.0678916525968334
28.17817817817818,-1.6741538129323879
28.22822822822823,-0.9179811010767125
28.27827827827828,-1.7298024299394608
28.32832832832833,-2.5517070632338466
28.37837837837838,-2.043244110273915
28.42842842842843,-2.4808019676980315
28.47847847847848,-1.7269895504586803
28.52852852852853,-1.5474451132722966
28.57857857857858,-0.7234248863684886
28.62862862862863,-1.4027100193260964
28.67867867867868,-1.6797683830630186
28.72872872872873,-1.1590474787195428
28.77877877877878,-2.682311485739672
28.82882882882883,-1.4613654008083132
28.87887887887888,-1.1955783146728387
28.92892892892893,-2.3215259853124253
28.97897897897898,-1.0109361044749356
29.02902902902903,-1.41347836872756
29.07907907907908,-1.7895923226078105
29.12912912912913,-1.2640630486637463
29.17917917917918,-0.44287279759275244
29.22922922922923,-1.484287125567111
29.27927927927928,-1.4473232860447576
29.32932932932933,-1.796516553892784
29.37937937937938,-1.9863273104635077
29.42942942942943,-1.1399504487419478
29.47947947947948,-1.9759958554354657
29.52952952952953,-1.5041073556611815
29.57957957957958,-1.7697357313780246
29.62962962962963,-1.2814931654297643
29.67967967967968,-1.3432676615074255
29.72972972972973,-0.9794644816502613
29.77977977977978,-1.7403795588009014
29.82982982982983,-1.6064284990560798
29.87987987987988,-1.9459574805592685
29.929929929929934,-1.6627544819532858
29.979979979979984,-1.2349207707103786
30.030030030030034,-1.026954700674228
30.080080080080084,-1.8473089845807282
30.130130130130134,-0.9310851101007076
30.180180180180184,-0.6666010640300464
30.230230230230234,-1.1150910226596347
30.280280280280284,-0.35964263990831824
30.330330330330334,-1.6599985045040095
30.380380380380384,-1.8693142705214498
30.430430430430434,-2.1090387630643788
30.480480480480484,-0.4431466509516727
30.530530530530534,-0.8342650382732686
30.580580580580584,-1.1582993060640006
30.630630630630634,-0.9583536762828575
30.680680680680684,-1.6276780420991943
30.730730730730734,0.19258910421330655
30.780780780780784,-0.9297815671076604
30.830830830830834,-0.902546751444479
30.880880880880884,-0.5559551098396802
30.930930930930934,-0.6386666824308511
30.980980980980984,-0.726297848979451
31.031031031031034,-1.1912791870276127
31.081081081081084,-0.5168420335342698
31.131131131131134,0.23317023579882623
31.181181181181184,0.010870493141717064
31.231231231231234,0.18202359988414818
31.281281281281284,-0.8216421312563804
31.331331331331334,-1.011038191796487
31.381381381381384,-0.5280709361562528
31.431431431431434,-0.38500100145455546
31.481481481481485,0.18779716731964025
31.531531531531535,-1.1507208438075742
31.581581581581585,0.5163354579139331
31.631631631631635,-0.2701632747489764
31.681681681681685,-0.34609592974754627
31.731731731731735,-0.5789888698626972
31.781781781781785,-0.839441070962125
31.831831831831835,0.4616914202486877
31.881881881881885,0.15006780513866036
31.931931931931935,-0.4670969544162875
31.981981981981985,-0.4040218438217361
32.032032032032035,0.14240525120956976
32.08208208208208,1.2127203256493146
32.132132132132135,0.3174429033843411
32.18218218218218,-0.23420241164157485
32.232232232232235,0.4657131770124222
32.28228228228228,0.524506695326777
32.332332332332335,-0.6142406861125802
32.38238238238238,0.7814212950688859
32.432432432432435,0.7684803535544965
32.48248248248248,1.3084226634520222
32.532532532532535,1.9621418626271991
32.58258258258258,1.6792419706576376
32.632632632632635,1.0607402387615954
32.68268268268268,0.7220537830581568
32.732732732732735,2.6430127239930066
32.78278278278278,1.46781834258811
32.832832832832835,1.5278859724580631
32.88288288288288,1.5923819664054475
32.932932932932935,1.7877955596335964
32.98298298298298,1.7016410635989094
33.033033033033036,1.5727911583460026
33.08308308308308,1.6726992260534097
33.133133133133136,2.0169365542221205
33.18318318318318,1.849435058493861
33.233233233233236,1.8531798781987323
33.28328328328328,2.3518651081318867
33.333333333333336,2.260770873774106
33.38338338338338,3.230397644351671
33.433433433433436,1.2435595768814092
33.48348348348348,3.205911970368642
33.533533533533536,3.3747546069117673
33.58358358358358,1.8069780531966724
33.633633633633636,2.7646661495263998
33.68368368368368,2.8429694891837225
33.733733733733736,2.417924500897334
33.78378378378378,2.826039823124846
33.833833833833836,2.7531721060262573
33.88388388388388,4.278317533056048
33.933933933933936,3.963920334519952
33.98398398398398,4.225899943917189
34.034034034034036,4.045107790271723
34.08408408408408,3.2139688121340177
34.134134134134136,3.610496378216112
34.18418418418419,4.211709617768393
34.234234234234236,3.4501932699289295
34.28428428428429,4.511925118180648
34.334334334334336,4.12933060490697
34.38438438438439,4.156013674375967
34.434434434434436,4.792662851115974
34.48448448448449,4.75286592801787
34.53453453453454,4.443559792982228
34.58458458458459,5.296738161782322
34.63463463463464,4.269258363641742
34.68468468468469,5.210125624269376
34.73473473473474,5.290691972394836
34.78478478478479,4.9309321592329916
34.83483483483484,5.339881322295879
34.88488488488489,4.641877856264176
34.93493493493494,5.819543532645027
34.98498498498499,5.354615182917828
35.03503503503504,5.274647302312925
35.08508508508509,6.148828003306047
35.13513513513514,5.359804041088947
35.18518518518519,5.094701792198434
35.23523523523524,5.106844862942651
35.28528528528529,6.273628563741884
35.33533533533534,5.415077148394573
35.38538538538539,7.0165285338090895
35.43543543543544,5.1811453548736335
35.48548548548549,7.152423824260431
35.53553553553554,6.4908652572673375
35.58558558558559,6.417204877961046
35.63563563563564,6.272319957093553
35.68568568568569,6.822548333151703
35.73573573573574,6.681316401737258
35.78578578578579,7.327861322213224
35.83583583583584,6.90829490880347
35.88588588588589,7.0001681576651125
35.93593593593594,6.815884773334405
35.98598598598599,7.040701523575059
36.03603603603604,7.2933415110096576
36.08608608608609,6.353379091647154
36.13613613613614,6.602123712244184
36.18618618618619,7.714306766279271
36.23623623623624,7.493246179098961
36.28628628628629,7.379616872917252
36.33633633633634,7.5432534493998515
36.38638638638639,7.76886529659819
36.43643643643644,7.384820393621707
36.48648648648649,7.323739962692501
36.53653653653654,7.8675524947379305
36.58658658658659,7.335706305898282
36.63663663663664,8.082787719712048
36.68668668668669,7.079625249626174
36.73673673673674,8.4962196057549
36.78678678678679,8.267116981404987
36.83683683683684,8.206444709657973
36.88688688688689,8.615806265650495
36.93693693693694,9.001633192540698
36.98698698698699,8.718906166599925
37.03703703703704,7.33248562392044
37.08708708708709,7.65269955815634
37.13713713713714,8.01799579277992
37.18718718718719,8.379708220081188
37.23723723723724,8.660080026125533
37.28728728728729,8.071287076775118
37.33733733733734,8.558762728163222
37.38738738738739,8.11721220003621
37.43743743743744,8.216965923324878
37.48748748748749,7.845505975406118
37.53753753753754,8.111616666730576
37.58758758758759,7.920068173383159
37.63763763763764,8.128927639020077
37.68768768768769,9.162912568971608
37.73773773773774,8.178891091660484
37.78778778778779,9.98555057055735
37.83783783783784,8.930057135714165
37.88788788788789,8.788124879289015
37.93793793793794,8.27710771508122
37.98798798798799,9.065294487802648
38.03803803803804,8.434449559880035
38.08808808808809,8.788681938667976
38.13813813813814,10.01141196549283
38.18818818818819,8.68532180971539
38.23823823823824,9.30826599008504
38.28828828828829,8.380621101824861
38.33833833833834,8.711605197714563
38.38838838838839,9.609708551284202
38.43843843843844,8.404361471715172
38.48848848848849,9.615944125704148
38.53853853853854,9.053819622626738
38.58858858858859,8.40729469397351
38.63863863863864,8.991689419921785
38.68868868868869,9.147106465496952
38.73873873873874,8.955478063404374
38.78878878878879,7.841619384891799
38.83883883883884,8.24375204062211
38.88888888888889,8.462596536550047
38.93893893893894,8.526637538972963
38.98898898898899,8.850169405834281
39.03903903903904,8.603161884787918
39.08908908908909,7.81963505222672
39.13913913913914,8.648939385531088
39.18918918918919,8.73422415604774
39.23923923923924,8.677495779243387
39.28928928928929,8.905260118687155
39.33933933933934,8.747722056063822
39.38938938938939,8.524886956401874
39.43943943943944,8.223417992242956
39.48948948948949,7.389916154321794
39.53953953953954,8.39581775022375
39.58958958958959,8.244205695464803
39.63963963963964,8.2342711436714
39.68968968968969,7.417019951979173
39.73973973973974,7.470597599043154
39.78978978978979,8.492279989618106
39.83983983983984,7.899377154122994
39.88988988988989,8.2122575756222
39.93993993993994,7.836948518245552
39.98998998998999,7.787907798896721
40.04004004004004,8.191399406357151
40.090090090090094,7.412479741579015
40.14014014014014,7.665853732688011
40.190190190190194,7.333023719736949
40.24024024024024,7.292388515302507
40.290290290290294,7.299663840962933
40.34034034034034,7.509099115842291
40.390390390390394,7.101640607360442
40.44044044044044,7.911107580404421
40.490490490490494,6.777404151659305
40.54054054054054,7.0720459307812495
40.590590590590594,6.885718003321845
40.64064064064064,7.768534414155075
40.690690690690694,7.082177436379144
40.74074074074074,7.438102133981721
40.790790790790794,6.117137444144281
40.84084084084084,6.930671277844328
40.890890890890894,7.178713669806988
40.94094094094094,6.7113489192531155
40.990990990990994,7.138845230904728
41.04104104104104,6.282981351947855
41.091091091091094,7.1814751826944345
41.14114114114114,7.561114667753058
41.191191191191194,6.164831581537539
41.24124124124124,6.057838753428297
41.291291291291294,6.94140799549928
41.34134134134134,6.938446747266485
41.391391391391394,5.821027208088729
41.44144144144144,5.80604429701164
41.491491491491495,5.808841960994534
41.54154154154154,5.2110535985713184
41.591591591591595,5.357477245734764
41.64164164164164,5.24826850000413
41.691691691691695,5.300018345329316
41.74174174174174,5.600226528267715
41.791791791791795,5.668432522057363
41.84184184184184,6.26046636862132
41.891891891891895,4.920094978594614
41.94194194194194,5.845683780302264
41.991991991991995,5.181002891376516
42.04204204204204,5.197993419231469
42.092092092092095,5.495144902658783
42.14214214214214,4.531694243465231
42.192192192192195,5.219918316445772
42.24224224224224,5.047963271332795
42.292292292292295,5.147379052500902
42.34234234234234,4.982573055618392
42.392392392392395,6.002919227924318
42.44244244244244,4.394150258460891
42.492492492492495,4.385768582657319
42.54254254254254,4.278463849443572
42.592592592592595,4.251606838018663
42.64264264264264,4.150530790972354
42.692692692692695,5.00420212598691
42.74274274274275,5.0610283400822285
42.792792792792795,4.007119987841026
42.84284284284285,3.8186879430368004
42.892892892892895,4.413622280790215
42.94294294294295,3.845547810989598
42.992992992992995,4.382585376245555
43.04304304304305,4.112775018411095
43.093093093093096,3.1993873467840532
43.14314314314315,4.677727043405623
43.193193193193196,4.74941407456121
43.24324324324325,3.4933833791175637
43.293293293293296,3.5550463675506845
43.34334334334335,3.8417807523984426
43.393393393393396,3.816872694038276
43.44344344344345,3.9305711458410113
43.493493493493496,4.558926877287105
43.54354354354355,3.4187591776817006
43.593593593593596,3.062385907332188
43.64364364364365,2.7270804453855675
43.693693693693696,3.0073938608394832
43.74374374374375,3.3133362665280988
43.793793793793796,4.185149622377164
43.84384384384385,2.9879733116953813
43.893893893893896,3.3185250582097794
43.94394394394395,3.1592213719495277
43.993993993993996,3.723385823246439
44.04404404404405,4.355370653119297
44.094094094094096,2.790147697812727
44.14414414414415,2.7755051459167888
44.194194194194196,3.507915221323717
44.24424424424425,3.293358816265963
44.294294294294296,3.8433138842312866
44.34434434434435,3.1804400631358463
44.394394394394396,2.678313263479958
44.44444444444445,3.1237358970088684
44.4944944944945,3.3541727825819896
44.54454454454455,3.1824346969827295
44.5945945945946,2.999159371601509
44.64464464464465,3.2531398894314747
44.6946946946947,3.279676547221637
44.74474474474475,3.3622743357007425
44.7947947947948,2.9726489034007546
44.84484484484485,2.5427595155309257
44.8948948948949,2.6786172191486397
44.94494494494495,3.18836496069937
44.994994994995,2.1573913994331235
45.04504504504505,2.731833003510476
45.0950950950951,2.3333414492670776
45.14514514514515,2.5277635451283165
45.1951951951952,3.1368508485478457
45.24524524524525,2.57824883759645
45.2952952952953,2.491819038616994
45.34534534534535,1.7753870868284087
45.3953953953954,2.815954518836495
45.44544544544545,2.7538652529045917
45.4954954954955,3.5018128812519973
45.54554554554555,2.256109205809169
45.5955955955956,2.5101196986300773
45.64564564564565,2.5164984163078055
45.6956956956957,3.172492974877734
45.74574574574575,2.3287574292728843
45.7957957957958,2.5092147982646447
45.84584584584585,2.6675915040962734
45.8958958958959,2.4515073229288835
45.94594594594595,2.1301452336777555
45.995995995996,2.4461451140686448
46.04604604604605,2.8822114718876315
46.0960960960961,1.8289690268687808
46.14614614614615,2.406055999375109
46.1961961961962,1.9873460772068814
46.24624624624625,2.93323303012037
46.2962962962963,1.5728641331843671
46.34634634634635,2.05416557666356
46.3963963963964,2.5217984961401916
46.44644644644645,3.115893584383938
46.4964964964965,2.300543940745189
46.54654654654655,2.0564305834837096
46.5965965965966,3.275518979075854
46.64664664664665,1.6121172441017309
46.6966966966967,1.2381532497287036
46.74674674674675,2.5592182213185213
46.7967967967968,2.090035675673265
46.84684684684685,1.8324693396879115
46.8968968968969,2.69943212227706
46.94694694694695,2.469441511466562
46.996996996997,2.067882029808547
47.04704704704705,1.712216032621026
47.0970970970971,2.791084192147168
47.14714714714715,2.682457506040471
47.1971971971972,2.310258140723856
47.24724724724725,3.2856151750697182
47.2972972972973,1.8296400575818073
47.34734734734735,1.6042145357405013
47.3973973973974,2.0232005071476045
47.44744744744745,2.3483956040955745
47.4974974974975,2.494723069469421
47.54754754754755,2.254104846898502
47.5975975975976,2.5521991816327896
47.64764764764765,1.7516038940557692
47.6976976976977,3.100186164169211
47.74774774774775,2.3378614779073463
47.7977977977978,2.9378961688377996
47.84784784784785,2.5505753595721656
47.8978978978979,2.607182495685004
47.94794794794795,2.662887281817949
47.997997997998,2.600636310924462
48.04804804804805,2.696478817287462
48.0980980980981,3.0375628329269935
48.14814814814815,2.4686270545566176
48.1981981981982,2.7217364263397172
48.24824824824825,2.3187007330150275
48.2982982982983,3.079405344667487
48.34834834834835,2.016351443128813
48.3983983983984,3.2496203673697437
48.44844844844845,2.3230548695583066
48.4984984984985,1.6210910166620112
48.54854854854855,2.3932168876911746
48.5985985985986,1.9806471984636476
48.64864864864865,2.732806726394869
48.6986986986987,1.9767703206847143
48.74874874874875,2.069855768502325
48.7987987987988,1.337293033496827
48.84884884884885,2.0442603683820266
48.8988988988989,1.046042251183856
48.94894894894895,1.4528017676463372
48.998998998999,2.6109198624709906
49.04904904904905,2.6087458730772286
49.0990990990991,2.4128681664129408
49.14914914914915,1.7000922910089886
49.1991991991992,2.1423007350532064
49.24924924924925,2.1460546013235717
49.2992992992993,1.5494853801165545
49.34934934934935,2.860280778957489
49.3993993993994,2.5262690530473786
49.44944944944945,1.95519548549598
49.4994994994995,2.056285240005659
49.54954954954955,2.123265951908419
49.5995995995996,0.9734999208751893
49.64964964964965,1.8451258622796392
49.6996996996997,1.6011185482455284
49.74974974974975,1.4137409583246554
49.7997997997998,1.7454812606460748
49.84984984984985,2.7553919807868885
49.8998998998999,2.146521775926439
49.94994994994995,1.509094988584744
50.0,2.048591459958178
